{
  "fold_mae": [
    1.7959500581792331,
    5.358120590620584,
    3.32199031217067,
    3.4479663611441254,
    1.3133753414802094
  ],
  "mean_mae": 3.0474805327189647,
  "std_mae": 1.4246579475752386,
  "n_sample": 19926,
  "n_races": 22
}