{
  "fold_mae": [
    1.2346090450197147,
    1.171139313979986,
    1.6493879204777255,
    2.592522586155036,
    1.0283270043251342
  ],
  "mean_mae": 1.5351971739915191,
  "std_mae": 0.5675888073953546,
  "n_sample": 12061,
  "n_races": 12
}